"Status","TargetFile","SourceFile","SourcePath","TargetPath"
"Copied","classic_001.mp3","01 Symphony No. 5 in C Minor, Op. 67_ I. Allegro con brio.mp3","C:\Users\lac\OneDrive - IMS Messsysteme GmbH\Dokumente\NoteCable Spotify Music Converter\Joschijas Hitster Gang\01 Symphony No. 5 in C Minor, Op. 67_ I. Allegro con brio.mp3","C:\Code\JKH\ClassicHitster.App\Resources\Raw\classic_001.mp3"
"Copied","classic_002.mp3","04 Symphony No. 7 in E Major, WAB 107 (Ed. Haas)_ IV. Finale. Bewegt, doch nicht schnell.mp3","C:\Users\lac\OneDrive - IMS Messsysteme GmbH\Dokumente\NoteCable Spotify Music Converter\Joschijas Hitster Gang\04 Symphony No. 7 in E Major, WAB 107 (Ed. Haas)_ IV. Finale. Bewegt, doch nicht schnell.mp3","C:\Code\JKH\ClassicHitster.App\Resources\Raw\classic_002.mp3"
"Copied","classic_003.mp3","04 Symphony No. 9 in E Minor, Op. 95, B. 178 _From the New World__ IV. Allegro con fuoco.mp3","C:\Users\lac\OneDrive - IMS Messsysteme GmbH\Dokumente\NoteCable Spotify Music Converter\Joschijas Hitster Gang\04 Symphony No. 9 in E Minor, Op. 95, B. 178 _From the New World__ IV. Allegro con fuoco.mp3","C:\Code\JKH\ClassicHitster.App\Resources\Raw\classic_003.mp3"
"Copied","classic_004.mp3","15 Denn er hat seinen Engeln befohlen, MWV B 53 _Psalm 91_.mp3","C:\Users\lac\OneDrive - IMS Messsysteme GmbH\Dokumente\NoteCable Spotify Music Converter\Joschijas Hitster Gang\15 Denn er hat seinen Engeln befohlen, MWV B 53 _Psalm 91_.mp3","C:\Code\JKH\ClassicHitster.App\Resources\Raw\classic_004.mp3"
"Copied","classic_005.mp3","07 Abendlied, Op. 69 No. 3.mp3","C:\Users\lac\OneDrive - IMS Messsysteme GmbH\Dokumente\NoteCable Spotify Music Converter\Joschijas Hitster Gang\07 Abendlied, Op. 69 No. 3.mp3","C:\Code\JKH\ClassicHitster.App\Resources\Raw\classic_005.mp3"
"Copied","classic_006.mp3","06 Locus iste, WAB 23.mp3","C:\Users\lac\OneDrive - IMS Messsysteme GmbH\Dokumente\NoteCable Spotify Music Converter\Joschijas Hitster Gang\06 Locus iste, WAB 23.mp3","C:\Code\JKH\ClassicHitster.App\Resources\Raw\classic_006.mp3"
"Copied","classic_007.mp3","03 Die Walküre, WWV 86B - Concert version _ Dritter Aufzug_ The Ride of the Valkyries.mp3","C:\Users\lac\OneDrive - IMS Messsysteme GmbH\Dokumente\NoteCable Spotify Music Converter\Joschijas Hitster Gang\03 Die Walküre, WWV 86B - Concert version _ Dritter Aufzug_ The Ride of the Valkyries.mp3","C:\Code\JKH\ClassicHitster.App\Resources\Raw\classic_007.mp3"
"Copied","classic_008.mp3","28 Wagner_ Lohengrin, Act 3_ _Treulich geführt ziehet dahin_ (Chor).mp3","C:\Users\lac\OneDrive - IMS Messsysteme GmbH\Dokumente\NoteCable Spotify Music Converter\Joschijas Hitster Gang\28 Wagner_ Lohengrin, Act 3_ _Treulich geführt ziehet dahin_ (Chor).mp3","C:\Code\JKH\ClassicHitster.App\Resources\Raw\classic_008.mp3"
"Copied","classic_009.mp3","10 Midsummer Night's Dream, Op. 61_ No. 9, Wedding March.mp3","C:\Users\lac\OneDrive - IMS Messsysteme GmbH\Dokumente\NoteCable Spotify Music Converter\Joschijas Hitster Gang\10 Midsummer Night's Dream, Op. 61_ No. 9, Wedding March.mp3","C:\Code\JKH\ClassicHitster.App\Resources\Raw\classic_009.mp3"
"Copied","classic_010.mp3","12 Orpheus in the Underworld_ Can-Can - Live.mp3","C:\Users\lac\OneDrive - IMS Messsysteme GmbH\Dokumente\NoteCable Spotify Music Converter\Joschijas Hitster Gang\12 Orpheus in the Underworld_ Can-Can - Live.mp3","C:\Code\JKH\ClassicHitster.App\Resources\Raw\classic_010.mp3"
"Copied","classic_011.mp3","04 The Planets, Op. 32_ IV. Jupiter, the Bringer of Jollity.mp3","C:\Users\lac\OneDrive - IMS Messsysteme GmbH\Dokumente\NoteCable Spotify Music Converter\Joschijas Hitster Gang\04 The Planets, Op. 32_ IV. Jupiter, the Bringer of Jollity.mp3","C:\Code\JKH\ClassicHitster.App\Resources\Raw\classic_011.mp3"
"Copied","classic_012.mp3","01 Also sprach Zarathustra, Op. 30_ I. Prelude. Sonnenaufgang.mp3","C:\Users\lac\OneDrive - IMS Messsysteme GmbH\Dokumente\NoteCable Spotify Music Converter\Joschijas Hitster Gang\01 Also sprach Zarathustra, Op. 30_ I. Prelude. Sonnenaufgang.mp3","C:\Code\JKH\ClassicHitster.App\Resources\Raw\classic_012.mp3"
"Copied","classic_013.mp3","01 Orff_ Carmina Burana, Introduction _Fortuna Imperatrix Mundi__ O Fortuna.mp3","C:\Users\lac\OneDrive - IMS Messsysteme GmbH\Dokumente\NoteCable Spotify Music Converter\Joschijas Hitster Gang\01 Orff_ Carmina Burana, Introduction _Fortuna Imperatrix Mundi__ O Fortuna.mp3","C:\Code\JKH\ClassicHitster.App\Resources\Raw\classic_013.mp3"
"Copied","classic_014.mp3","01 Eine kleine Nachtmusik, K. 525_ I. Allegro.mp3","C:\Users\lac\OneDrive - IMS Messsysteme GmbH\Dokumente\NoteCable Spotify Music Converter\Joschijas Hitster Gang\01 Eine kleine Nachtmusik, K. 525_ I. Allegro.mp3","C:\Code\JKH\ClassicHitster.App\Resources\Raw\classic_014.mp3"
"Copied","classic_016.mp3","15 Paulus, Op. 36, MWV A14 _ Part 1_ No. 15 Chor_ _Mache dich auf! Werde Licht!_.mp3","C:\Users\lac\OneDrive - IMS Messsysteme GmbH\Dokumente\NoteCable Spotify Music Converter\Joschijas Hitster Gang\15 Paulus, Op. 36, MWV A14 _ Part 1_ No. 15 Chor_ _Mache dich auf! Werde Licht!_.mp3","C:\Code\JKH\ClassicHitster.App\Resources\Raw\classic_016.mp3"
"Copied","classic_017.mp3","01 Peter and the Wolf, Op. 67 (Without Narration)_ Peter in the Meadow -.mp3","C:\Users\lac\OneDrive - IMS Messsysteme GmbH\Dokumente\NoteCable Spotify Music Converter\Joschijas Hitster Gang\01 Peter and the Wolf, Op. 67 (Without Narration)_ Peter in the Meadow -.mp3","C:\Code\JKH\ClassicHitster.App\Resources\Raw\classic_017.mp3"
"Copied","classic_018.mp3","06 _Pomp And Circumstance,_ Op. 39_ March, No. 1 In D.mp3","C:\Users\lac\OneDrive - IMS Messsysteme GmbH\Dokumente\NoteCable Spotify Music Converter\Joschijas Hitster Gang\06 _Pomp And Circumstance,_ Op. 39_ March, No. 1 In D.mp3","C:\Code\JKH\ClassicHitster.App\Resources\Raw\classic_018.mp3"
"Copied","classic_019.mp3","01 Solomon, HWV 67, Act III_ The Arrival of the Queen of Sheba.mp3","C:\Users\lac\OneDrive - IMS Messsysteme GmbH\Dokumente\NoteCable Spotify Music Converter\Joschijas Hitster Gang\01 Solomon, HWV 67, Act III_ The Arrival of the Queen of Sheba.mp3","C:\Code\JKH\ClassicHitster.App\Resources\Raw\classic_019.mp3"
"Copied","classic_020.mp3","05 Symphony No. 9 in D Minor, Op. 125_ IVb. Presto. Recitativo _O Freunde, nicht diese Töne!_ – Allegro assai – Presto.mp3","C:\Users\lac\OneDrive - IMS Messsysteme GmbH\Dokumente\NoteCable Spotify Music Converter\Joschijas Hitster Gang\05 Symphony No. 9 in D Minor, Op. 125_ IVb. Presto. Recitativo _O Freunde, nicht diese Töne!_ – Allegro assai – Presto.mp3","C:\Code\JKH\ClassicHitster.App\Resources\Raw\classic_020.mp3"
"Copied","classic_021.mp3","12 Symphony No. 41 in C Major, K. 551 _Jupiter__ IV. Molto allegro.mp3","C:\Users\lac\OneDrive - IMS Messsysteme GmbH\Dokumente\NoteCable Spotify Music Converter\Joschijas Hitster Gang\12 Symphony No. 41 in C Major, K. 551 _Jupiter__ IV. Molto allegro.mp3","C:\Code\JKH\ClassicHitster.App\Resources\Raw\classic_021.mp3"
"Copied","classic_022.mp3","01 Tristan und Isolde, Act I_ Prelude.mp3","C:\Users\lac\OneDrive - IMS Messsysteme GmbH\Dokumente\NoteCable Spotify Music Converter\Joschijas Hitster Gang\01 Tristan und Isolde, Act I_ Prelude.mp3","C:\Code\JKH\ClassicHitster.App\Resources\Raw\classic_022.mp3"
"Copied","classic_023.mp3","21 Verdi_ Aida, Act 2_ Triumphal March.mp3","C:\Users\lac\OneDrive - IMS Messsysteme GmbH\Dokumente\NoteCable Spotify Music Converter\Joschijas Hitster Gang\21 Verdi_ Aida, Act 2_ Triumphal March.mp3","C:\Code\JKH\ClassicHitster.App\Resources\Raw\classic_023.mp3"
"Copied","classic_024.mp3","02 Symphony No. 8 in C Minor, WAB 108 (1887_90 Versions, Ed. Haas)_ IV. Finale. Feierlich, nicht schnell.mp3","C:\Users\lac\OneDrive - IMS Messsysteme GmbH\Dokumente\NoteCable Spotify Music Converter\Joschijas Hitster Gang\02 Symphony No. 8 in C Minor, WAB 108 (1887_90 Versions, Ed. Haas)_ IV. Finale. Feierlich, nicht schnell.mp3","C:\Code\JKH\ClassicHitster.App\Resources\Raw\classic_024.mp3"
"Copied","classic_025.mp3","10 Zadok the Priest, Coronation Anthem No. 1, HWV 258.mp3","C:\Users\lac\OneDrive - IMS Messsysteme GmbH\Dokumente\NoteCable Spotify Music Converter\Joschijas Hitster Gang\10 Zadok the Priest, Coronation Anthem No. 1, HWV 258.mp3","C:\Code\JKH\ClassicHitster.App\Resources\Raw\classic_025.mp3"
"Copied","classic_026.mp3","13 Elias, Op. 70, MWV A25, Part I_ No. 15, Quartet _Wirf dein Anliegen auf den Herrn_.mp3","C:\Users\lac\OneDrive - IMS Messsysteme GmbH\Dokumente\NoteCable Spotify Music Converter\Joschijas Hitster Gang\13 Elias, Op. 70, MWV A25, Part I_ No. 15, Quartet _Wirf dein Anliegen auf den Herrn_.mp3","C:\Code\JKH\ClassicHitster.App\Resources\Raw\classic_026.mp3"
"Copied","classic_027.mp3","02 Piano Sonata No. 8 in C minor, Op. 13, _Pathétique__ II. Adagio cantabile.mp3","C:\Users\lac\OneDrive - IMS Messsysteme GmbH\Dokumente\NoteCable Spotify Music Converter\Joschijas Hitster Gang\02 Piano Sonata No. 8 in C minor, Op. 13, _Pathétique__ II. Adagio cantabile.mp3","C:\Code\JKH\ClassicHitster.App\Resources\Raw\classic_027.mp3"
"Copied","classic_028.mp3","09 Piano Sonata No. 14 in C-sharp minor, Op. 27, No. 2, _Moonlight__ I. Adagio sostenuto.mp3","C:\Users\lac\OneDrive - IMS Messsysteme GmbH\Dokumente\NoteCable Spotify Music Converter\Joschijas Hitster Gang\09 Piano Sonata No. 14 in C-sharp minor, Op. 27, No. 2, _Moonlight__ I. Adagio sostenuto.mp3","C:\Code\JKH\ClassicHitster.App\Resources\Raw\classic_028.mp3"
"Copied","classic_030.mp3","01 An der schönen blauen Donau, Op.314.mp3","C:\Users\lac\OneDrive - IMS Messsysteme GmbH\Dokumente\NoteCable Spotify Music Converter\Joschijas Hitster Gang\01 An der schönen blauen Donau, Op.314.mp3","C:\Code\JKH\ClassicHitster.App\Resources\Raw\classic_030.mp3"
"Copied","classic_031.mp3","01 Boléro, M. 81.mp3","C:\Users\lac\OneDrive - IMS Messsysteme GmbH\Dokumente\NoteCable Spotify Music Converter\Joschijas Hitster Gang\01 Boléro, M. 81.mp3","C:\Code\JKH\ClassicHitster.App\Resources\Raw\classic_031.mp3"
"Copied","classic_032.mp3","01 Bagatelle No. 25 in A Minor, WoO 59 _Für Elise_.mp3","C:\Users\lac\OneDrive - IMS Messsysteme GmbH\Dokumente\NoteCable Spotify Music Converter\Joschijas Hitster Gang\01 Bagatelle No. 25 in A Minor, WoO 59 _Für Elise_.mp3","C:\Code\JKH\ClassicHitster.App\Resources\Raw\classic_032.mp3"
"Copied","classic_033.mp3","06 Canon and Gigue in D Major - Arr. Max Seiffert.mp3","C:\Users\lac\OneDrive - IMS Messsysteme GmbH\Dokumente\NoteCable Spotify Music Converter\Joschijas Hitster Gang\06 Canon and Gigue in D Major - Arr. Max Seiffert.mp3","C:\Code\JKH\ClassicHitster.App\Resources\Raw\classic_033.mp3"
"Copied","classic_035.mp3","01 The Isle of the Dead, Op. 29.mp3","C:\Users\lac\OneDrive - IMS Messsysteme GmbH\Dokumente\NoteCable Spotify Music Converter\Joschijas Hitster Gang\01 The Isle of the Dead, Op. 29.mp3","C:\Code\JKH\ClassicHitster.App\Resources\Raw\classic_035.mp3"
"Copied","classic_036.mp3","14 Danse macabre, Op. 40 (Arr. for Organ).mp3","C:\Users\lac\OneDrive - IMS Messsysteme GmbH\Dokumente\NoteCable Spotify Music Converter\Joschijas Hitster Gang\14 Danse macabre, Op. 40 (Arr. for Organ).mp3","C:\Code\JKH\ClassicHitster.App\Resources\Raw\classic_036.mp3"
"Copied","classic_037.mp3","08 Danse Bacchanale from Act III of Samson et Dalila, Op. 47.mp3","C:\Users\lac\OneDrive - IMS Messsysteme GmbH\Dokumente\NoteCable Spotify Music Converter\Joschijas Hitster Gang\08 Danse Bacchanale from Act III of Samson et Dalila, Op. 47.mp3","C:\Code\JKH\ClassicHitster.App\Resources\Raw\classic_037.mp3"
"Copied","classic_038.mp3","01 Glassworks_ Opening.mp3","C:\Users\lac\OneDrive - IMS Messsysteme GmbH\Dokumente\NoteCable Spotify Music Converter\Joschijas Hitster Gang\01 Glassworks_ Opening.mp3","C:\Code\JKH\ClassicHitster.App\Resources\Raw\classic_038.mp3"
"Copied","classic_039.mp3","01 Symphonic Dances, Op. 45_ I. Non allegro.mp3","C:\Users\lac\OneDrive - IMS Messsysteme GmbH\Dokumente\NoteCable Spotify Music Converter\Joschijas Hitster Gang\01 Symphonic Dances, Op. 45_ I. Non allegro.mp3","C:\Code\JKH\ClassicHitster.App\Resources\Raw\classic_039.mp3"
"Copied","classic_040.mp3","05 Widor_ Organ Symphony No. 5 in F Minor, Op. 42 No. 1_ V. Toccata.mp3","C:\Users\lac\OneDrive - IMS Messsysteme GmbH\Dokumente\NoteCable Spotify Music Converter\Joschijas Hitster Gang\05 Widor_ Organ Symphony No. 5 in F Minor, Op. 42 No. 1_ V. Toccata.mp3","C:\Code\JKH\ClassicHitster.App\Resources\Raw\classic_040.mp3"
"Copied","classic_041.mp3","28 Symphony No. 2 in C minor - _Resurrection_ _ 5th Movement_ Pesante.mp3","C:\Users\lac\OneDrive - IMS Messsysteme GmbH\Dokumente\NoteCable Spotify Music Converter\Joschijas Hitster Gang\28 Symphony No. 2 in C minor - _Resurrection_ _ 5th Movement_ Pesante.mp3","C:\Code\JKH\ClassicHitster.App\Resources\Raw\classic_041.mp3"
"Copied","classic_042.mp3","08 Symphony No. 2 in D Major, Op. 43_ IV. Finale. Allegro moderato.mp3","C:\Users\lac\OneDrive - IMS Messsysteme GmbH\Dokumente\NoteCable Spotify Music Converter\Joschijas Hitster Gang\08 Symphony No. 2 in D Major, Op. 43_ IV. Finale. Allegro moderato.mp3","C:\Code\JKH\ClassicHitster.App\Resources\Raw\classic_042.mp3"
"Copied","classic_043.mp3","01 Chaconne & Fugue in D Minor, BWV 1178.mp3","C:\Users\lac\OneDrive - IMS Messsysteme GmbH\Dokumente\NoteCable Spotify Music Converter\Joschijas Hitster Gang\01 Chaconne & Fugue in D Minor, BWV 1178.mp3","C:\Code\JKH\ClassicHitster.App\Resources\Raw\classic_043.mp3"
"Copied","classic_044.mp3","07 Orpheus und Eurydike, Act III, Scene 7_ _Ach, ich habe sie verloren,_ (Orpheus).mp3","C:\Users\lac\OneDrive - IMS Messsysteme GmbH\Dokumente\NoteCable Spotify Music Converter\Joschijas Hitster Gang\07 Orpheus und Eurydike, Act III, Scene 7_ _Ach, ich habe sie verloren,_ (Orpheus).mp3","C:\Code\JKH\ClassicHitster.App\Resources\Raw\classic_044.mp3"
"Copied","classic_045.mp3","01 String Quartet in E-Flat Major, Op. 20 No. 1_ I. Allegro moderato.mp3","C:\Users\lac\OneDrive - IMS Messsysteme GmbH\Dokumente\NoteCable Spotify Music Converter\Joschijas Hitster Gang\01 String Quartet in E-Flat Major, Op. 20 No. 1_ I. Allegro moderato.mp3","C:\Code\JKH\ClassicHitster.App\Resources\Raw\classic_045.mp3"
"Copied","classic_046.mp3","17 Sinfonia in F Major, Wq. 183.3, H. 665_ II. Larghetto.mp3","C:\Users\lac\OneDrive - IMS Messsysteme GmbH\Dokumente\NoteCable Spotify Music Converter\Joschijas Hitster Gang\17 Sinfonia in F Major, Wq. 183.3, H. 665_ II. Larghetto.mp3","C:\Code\JKH\ClassicHitster.App\Resources\Raw\classic_046.mp3"
"Copied","classic_047.mp3","01 Mass in C Major, K. 317 _Coronation Mass__ I. Kyrie - Live at Philharmonie, Berlin, 1991.mp3","C:\Users\lac\OneDrive - IMS Messsysteme GmbH\Dokumente\NoteCable Spotify Music Converter\Joschijas Hitster Gang\01 Mass in C Major, K. 317 _Coronation Mass__ I. Kyrie - Live at Philharmonie, Berlin, 1991.mp3","C:\Code\JKH\ClassicHitster.App\Resources\Raw\classic_047.mp3"
"Copied","classic_048.mp3","04 Haydn_ Cello Concerto No. 2 in D Major, Hob. VIIb_2_ I. Allegro moderato (Cadenza by Rostropovich).mp3","C:\Users\lac\OneDrive - IMS Messsysteme GmbH\Dokumente\NoteCable Spotify Music Converter\Joschijas Hitster Gang\04 Haydn_ Cello Concerto No. 2 in D Major, Hob. VIIb_2_ I. Allegro moderato (Cadenza by Rostropovich).mp3","C:\Code\JKH\ClassicHitster.App\Resources\Raw\classic_048.mp3"
"Copied","classic_049.mp3","01 Violin Sonata No. 32 in B-Flat Major, K. 454_ I. Largo - Allegro.mp3","C:\Users\lac\OneDrive - IMS Messsysteme GmbH\Dokumente\NoteCable Spotify Music Converter\Joschijas Hitster Gang\01 Violin Sonata No. 32 in B-Flat Major, K. 454_ I. Largo - Allegro.mp3","C:\Code\JKH\ClassicHitster.App\Resources\Raw\classic_049.mp3"
"Copied","classic_050.mp3","02 Piano Sonata No. 14 in C Minor, K. 457_ I. Molto allegro.mp3","C:\Users\lac\OneDrive - IMS Messsysteme GmbH\Dokumente\NoteCable Spotify Music Converter\Joschijas Hitster Gang\02 Piano Sonata No. 14 in C Minor, K. 457_ I. Molto allegro.mp3","C:\Code\JKH\ClassicHitster.App\Resources\Raw\classic_050.mp3"
"Copied","classic_051.mp3","05 Wolfgang Amadeus Mozart_ Fantazija U C-Molu, Kv 475.mp3","C:\Users\lac\OneDrive - IMS Messsysteme GmbH\Dokumente\NoteCable Spotify Music Converter\Joschijas Hitster Gang\05 Wolfgang Amadeus Mozart_ Fantazija U C-Molu, Kv 475.mp3","C:\Code\JKH\ClassicHitster.App\Resources\Raw\classic_051.mp3"
"Copied","classic_052.mp3","01 Le nozze di Figaro, K. 492_ Sinfonia.mp3","C:\Users\lac\OneDrive - IMS Messsysteme GmbH\Dokumente\NoteCable Spotify Music Converter\Joschijas Hitster Gang\01 Le nozze di Figaro, K. 492_ Sinfonia.mp3","C:\Code\JKH\ClassicHitster.App\Resources\Raw\classic_052.mp3"
"Copied","classic_053.mp3","04 Mozart_ Don Giovanni, K. 527_ Overture.mp3","C:\Users\lac\OneDrive - IMS Messsysteme GmbH\Dokumente\NoteCable Spotify Music Converter\Joschijas Hitster Gang\04 Mozart_ Don Giovanni, K. 527_ Overture.mp3","C:\Code\JKH\ClassicHitster.App\Resources\Raw\classic_053.mp3"
"Copied","classic_054.mp3","08 Requiem in D Minor, K. 626_ III. Sequentia_ Lacrimosa.mp3","C:\Users\lac\OneDrive - IMS Messsysteme GmbH\Dokumente\NoteCable Spotify Music Converter\Joschijas Hitster Gang\08 Requiem in D Minor, K. 626_ III. Sequentia_ Lacrimosa.mp3","C:\Code\JKH\ClassicHitster.App\Resources\Raw\classic_054.mp3"
"Copied","classic_055.mp3","01 Die Zauberflöte, K. 620_ Ouvertüre.mp3","C:\Users\lac\OneDrive - IMS Messsysteme GmbH\Dokumente\NoteCable Spotify Music Converter\Joschijas Hitster Gang\01 Die Zauberflöte, K. 620_ Ouvertüre.mp3","C:\Code\JKH\ClassicHitster.App\Resources\Raw\classic_055.mp3"
"Copied","classic_056.mp3","10 Haydn_ Symphony No. 94 in G Major, Hob. I_94 _Surprise__ II. Andante.mp3","C:\Users\lac\OneDrive - IMS Messsysteme GmbH\Dokumente\NoteCable Spotify Music Converter\Joschijas Hitster Gang\10 Haydn_ Symphony No. 94 in G Major, Hob. I_94 _Surprise__ II. Andante.mp3","C:\Code\JKH\ClassicHitster.App\Resources\Raw\classic_056.mp3"
"Copied","classic_057.mp3","01 Symphony No. 3 in E Flat Major, Op. 55 _Eroica__ I. Allegro con brio.mp3","C:\Users\lac\OneDrive - IMS Messsysteme GmbH\Dokumente\NoteCable Spotify Music Converter\Joschijas Hitster Gang\01 Symphony No. 3 in E Flat Major, Op. 55 _Eroica__ I. Allegro con brio.mp3","C:\Code\JKH\ClassicHitster.App\Resources\Raw\classic_057.mp3"
"Copied","classic_058.mp3","18 Die Schöpfung, Hob. XXI_2, Pt. III_ Singt dem Herren alle Stimmen (Chorus).mp3","C:\Users\lac\OneDrive - IMS Messsysteme GmbH\Dokumente\NoteCable Spotify Music Converter\Joschijas Hitster Gang\18 Die Schöpfung, Hob. XXI_2, Pt. III_ Singt dem Herren alle Stimmen (Chorus).mp3","C:\Code\JKH\ClassicHitster.App\Resources\Raw\classic_058.mp3"
"Copied","classic_059.mp3","05 String Quartet No. 7 in F, Op. 59 No. 1 - _Rasumovsky No. 1__ 1. Allegro.mp3","C:\Users\lac\OneDrive - IMS Messsysteme GmbH\Dokumente\NoteCable Spotify Music Converter\Joschijas Hitster Gang\05 String Quartet No. 7 in F, Op. 59 No. 1 - _Rasumovsky No. 1__ 1. Allegro.mp3","C:\Code\JKH\ClassicHitster.App\Resources\Raw\classic_059.mp3"
"Copied","classic_060.mp3","10 Beethoven_ Violin Concerto in D Major, Op. 61_ I. Allegro, ma non troppo.mp3","C:\Users\lac\OneDrive - IMS Messsysteme GmbH\Dokumente\NoteCable Spotify Music Converter\Joschijas Hitster Gang\10 Beethoven_ Violin Concerto in D Major, Op. 61_ I. Allegro, ma non troppo.mp3","C:\Code\JKH\ClassicHitster.App\Resources\Raw\classic_060.mp3"
"Copied","classic_061.mp3","05 Symphony No. 6 in F Major, Op. 68 _Pastoral__ I. Erwachen heiterer Empfindungen bei der Ankun.mp3","C:\Users\lac\OneDrive - IMS Messsysteme GmbH\Dokumente\NoteCable Spotify Music Converter\Joschijas Hitster Gang\05 Symphony No. 6 in F Major, Op. 68 _Pastoral__ I. Erwachen heiterer Empfindungen bei der Ankun.mp3","C:\Code\JKH\ClassicHitster.App\Resources\Raw\classic_061.mp3"
"Copied","classic_062.mp3","02 Piano Concerto No. 5 in E-Flat Major, Op. 73 _Emperor__ II. Adagio un poco mosso.mp3","C:\Users\lac\OneDrive - IMS Messsysteme GmbH\Dokumente\NoteCable Spotify Music Converter\Joschijas Hitster Gang\02 Piano Concerto No. 5 in E-Flat Major, Op. 73 _Emperor__ II. Adagio un poco mosso.mp3","C:\Code\JKH\ClassicHitster.App\Resources\Raw\classic_062.mp3"
"Copied","classic_063.mp3","01 I. Allegro.mp3","C:\Users\lac\OneDrive - IMS Messsysteme GmbH\Dokumente\NoteCable Spotify Music Converter\Joschijas Hitster Gang\01 I. Allegro.mp3","C:\Code\JKH\ClassicHitster.App\Resources\Raw\classic_063.mp3"
"Copied","classic_064.mp3","21 Schubert_ Erlkönig, Op. 1, D. 328.mp3","C:\Users\lac\OneDrive - IMS Messsysteme GmbH\Dokumente\NoteCable Spotify Music Converter\Joschijas Hitster Gang\21 Schubert_ Erlkönig, Op. 1, D. 328.mp3","C:\Code\JKH\ClassicHitster.App\Resources\Raw\classic_064.mp3"
"Copied","classic_065.mp3","01 Piano Sonata No. 29 in B-Flat Major, Op. 106, _Große Sonate für das Hammerklavier__ I. Allegro.mp3","C:\Users\lac\OneDrive - IMS Messsysteme GmbH\Dokumente\NoteCable Spotify Music Converter\Joschijas Hitster Gang\01 Piano Sonata No. 29 in B-Flat Major, Op. 106, _Große Sonate für das Hammerklavier__ I. Allegro.mp3","C:\Code\JKH\ClassicHitster.App\Resources\Raw\classic_065.mp3"
"Copied","classic_067.mp3","30 Der Freischütz_ Was gleicht wohl auf Erden dem Jägervergnügen_ (Jägerchor).mp3","C:\Users\lac\OneDrive - IMS Messsysteme GmbH\Dokumente\NoteCable Spotify Music Converter\Joschijas Hitster Gang\30 Der Freischütz_ Was gleicht wohl auf Erden dem Jägervergnügen_ (Jägerchor).mp3","C:\Code\JKH\ClassicHitster.App\Resources\Raw\classic_067.mp3"
"Copied","classic_068.mp3","05 Symphony No. 8 in B Minor, D. 759 _Unfinished__ I. Allegro moderato.mp3","C:\Users\lac\OneDrive - IMS Messsysteme GmbH\Dokumente\NoteCable Spotify Music Converter\Joschijas Hitster Gang\05 Symphony No. 8 in B Minor, D. 759 _Unfinished__ I. Allegro moderato.mp3","C:\Code\JKH\ClassicHitster.App\Resources\Raw\classic_068.mp3"
"Copied","classic_069.mp3","01 Symphony No. 9 in C Major, D. 944 _The Great__ I. Andante – Allegro, ma non troppo – Più moto.mp3","C:\Users\lac\OneDrive - IMS Messsysteme GmbH\Dokumente\NoteCable Spotify Music Converter\Joschijas Hitster Gang\01 Symphony No. 9 in C Major, D. 944 _The Great__ I. Andante – Allegro, ma non troppo – Più moto.mp3","C:\Code\JKH\ClassicHitster.App\Resources\Raw\classic_069.mp3"
"Copied","classic_071.mp3","01 William Tell_ Overture.mp3","C:\Users\lac\OneDrive - IMS Messsysteme GmbH\Dokumente\NoteCable Spotify Music Converter\Joschijas Hitster Gang\01 William Tell_ Overture.mp3","C:\Code\JKH\ClassicHitster.App\Resources\Raw\classic_071.mp3"
"Copied","classic_072.mp3","01 Robert le Diable_ Ouverture.mp3","C:\Users\lac\OneDrive - IMS Messsysteme GmbH\Dokumente\NoteCable Spotify Music Converter\Joschijas Hitster Gang\01 Robert le Diable_ Ouverture.mp3","C:\Code\JKH\ClassicHitster.App\Resources\Raw\classic_072.mp3"
"Copied","classic_073.mp3","01 The Hebrides Overture, Op. 26 _Fingal's Cave_.mp3","C:\Users\lac\OneDrive - IMS Messsysteme GmbH\Dokumente\NoteCable Spotify Music Converter\Joschijas Hitster Gang\01 The Hebrides Overture, Op. 26 _Fingal's Cave_.mp3","C:\Code\JKH\ClassicHitster.App\Resources\Raw\classic_073.mp3"
"Copied","classic_074.mp3","02 Symphony No. 3 in A Minor, Op. 56 _Scottish__ I. Andante con moto – Allegro un poco agitato.mp3","C:\Users\lac\OneDrive - IMS Messsysteme GmbH\Dokumente\NoteCable Spotify Music Converter\Joschijas Hitster Gang\02 Symphony No. 3 in A Minor, Op. 56 _Scottish__ I. Andante con moto – Allegro un poco agitato.mp3","C:\Code\JKH\ClassicHitster.App\Resources\Raw\classic_074.mp3"
"Copied","classic_075.mp3","06 Symphony No. 4 in A Major, Op. 90 _Italian__ I. Allegro vivace.mp3","C:\Users\lac\OneDrive - IMS Messsysteme GmbH\Dokumente\NoteCable Spotify Music Converter\Joschijas Hitster Gang\06 Symphony No. 4 in A Major, Op. 90 _Italian__ I. Allegro vivace.mp3","C:\Code\JKH\ClassicHitster.App\Resources\Raw\classic_075.mp3"
"Copied","classic_076.mp3","01 Winterreise, D. 911_ No. 1, Gute Nacht.mp3","C:\Users\lac\OneDrive - IMS Messsysteme GmbH\Dokumente\NoteCable Spotify Music Converter\Joschijas Hitster Gang\01 Winterreise, D. 911_ No. 1, Gute Nacht.mp3","C:\Code\JKH\ClassicHitster.App\Resources\Raw\classic_076.mp3"
"Copied","classic_077.mp3","01 Harold en Italie, Op. 16, H. 68_ 1. Harold aux montagnes. Scènes de mélancolie, de bonheur et de joie. Adagio - Live.mp3","C:\Users\lac\OneDrive - IMS Messsysteme GmbH\Dokumente\NoteCable Spotify Music Converter\Joschijas Hitster Gang\01 Harold en Italie, Op. 16, H. 68_ 1. Harold aux montagnes. Scènes de mélancolie, de bonheur et de joie. Adagio - Live.mp3","C:\Code\JKH\ClassicHitster.App\Resources\Raw\classic_077.mp3"
"Copied","classic_078.mp3","03 Chopin_ Piano Sonata No. 2 in B-Flat Minor, Op. 35 _Funeral March__ III. Marche funèbre. Lento.mp3","C:\Users\lac\OneDrive - IMS Messsysteme GmbH\Dokumente\NoteCable Spotify Music Converter\Joschijas Hitster Gang\03 Chopin_ Piano Sonata No. 2 in B-Flat Minor, Op. 35 _Funeral March__ III. Marche funèbre. Lento.mp3","C:\Code\JKH\ClassicHitster.App\Resources\Raw\classic_078.mp3"
"Copied","classic_079.mp3","01 La muette de Portici, S. 16_ Overture.mp3","C:\Users\lac\OneDrive - IMS Messsysteme GmbH\Dokumente\NoteCable Spotify Music Converter\Joschijas Hitster Gang\01 La muette de Portici, S. 16_ Overture.mp3","C:\Code\JKH\ClassicHitster.App\Resources\Raw\classic_079.mp3"
"Copied","classic_080.mp3","21 Lieder ohne Worte, Op. 62_ 6. Allegretto grazioso _Frühlingslied_.mp3","C:\Users\lac\OneDrive - IMS Messsysteme GmbH\Dokumente\NoteCable Spotify Music Converter\Joschijas Hitster Gang\21 Lieder ohne Worte, Op. 62_ 6. Allegretto grazioso _Frühlingslied_.mp3","C:\Code\JKH\ClassicHitster.App\Resources\Raw\classic_080.mp3"
"Copied","classic_081.mp3","01 Les Huguenots_ I. Act I, Ouverture - Live.mp3","C:\Users\lac\OneDrive - IMS Messsysteme GmbH\Dokumente\NoteCable Spotify Music Converter\Joschijas Hitster Gang\01 Les Huguenots_ I. Act I, Ouverture - Live.mp3","C:\Code\JKH\ClassicHitster.App\Resources\Raw\classic_081.mp3"
"Copied","classic_082.mp3","12 Zar und Zimmermann, LoWV 38_ Ballett (Holzschuhtanz).mp3","C:\Users\lac\OneDrive - IMS Messsysteme GmbH\Dokumente\NoteCable Spotify Music Converter\Joschijas Hitster Gang\12 Zar und Zimmermann, LoWV 38_ Ballett (Holzschuhtanz).mp3","C:\Code\JKH\ClassicHitster.App\Resources\Raw\classic_082.mp3"
"Copied","classic_083.mp3","01 Kreisleriana, Op. 16_ Äußerst bewegt.mp3","C:\Users\lac\OneDrive - IMS Messsysteme GmbH\Dokumente\NoteCable Spotify Music Converter\Joschijas Hitster Gang\01 Kreisleriana, Op. 16_ Äußerst bewegt.mp3","C:\Code\JKH\ClassicHitster.App\Resources\Raw\classic_083.mp3"
"Copied","classic_084.mp3","07 Dichterliebe, Op. 48_ I. Im wunderschönen Monat Mai.mp3","C:\Users\lac\OneDrive - IMS Messsysteme GmbH\Dokumente\NoteCable Spotify Music Converter\Joschijas Hitster Gang\07 Dichterliebe, Op. 48_ I. Im wunderschönen Monat Mai.mp3","C:\Code\JKH\ClassicHitster.App\Resources\Raw\classic_084.mp3"
"Copied","classic_085.mp3","13 Nabucco _ Act III_ Va, pensiero, sull'ali dorate.mp3","C:\Users\lac\OneDrive - IMS Messsysteme GmbH\Dokumente\NoteCable Spotify Music Converter\Joschijas Hitster Gang\13 Nabucco _ Act III_ Va, pensiero, sull'ali dorate.mp3","C:\Code\JKH\ClassicHitster.App\Resources\Raw\classic_085.mp3"
"Copied","classic_086.mp3","04 Symphonie fantastique, H. 48_ IV. Marche au supplice.mp3","C:\Users\lac\OneDrive - IMS Messsysteme GmbH\Dokumente\NoteCable Spotify Music Converter\Joschijas Hitster Gang\04 Symphonie fantastique, H. 48_ IV. Marche au supplice.mp3","C:\Code\JKH\ClassicHitster.App\Resources\Raw\classic_086.mp3"
"Copied","classic_087.mp3","01 Piano Concerto No. 1 In E Minor, Op. 11_ 1. Allegro maestoso.mp3","C:\Users\lac\OneDrive - IMS Messsysteme GmbH\Dokumente\NoteCable Spotify Music Converter\Joschijas Hitster Gang\01 Piano Concerto No. 1 In E Minor, Op. 11_ 1. Allegro maestoso.mp3","C:\Code\JKH\ClassicHitster.App\Resources\Raw\classic_087.mp3"
"Copied","classic_088.mp3","06 Don Pasquale_ Overture.mp3","C:\Users\lac\OneDrive - IMS Messsysteme GmbH\Dokumente\NoteCable Spotify Music Converter\Joschijas Hitster Gang\06 Don Pasquale_ Overture.mp3","C:\Code\JKH\ClassicHitster.App\Resources\Raw\classic_088.mp3"
"Copied","classic_089.mp3","01 Wagner_ Der fliegende Holländer, WWV 63_ Overture - Live.mp3","C:\Users\lac\OneDrive - IMS Messsysteme GmbH\Dokumente\NoteCable Spotify Music Converter\Joschijas Hitster Gang\01 Wagner_ Der fliegende Holländer, WWV 63_ Overture - Live.mp3","C:\Code\JKH\ClassicHitster.App\Resources\Raw\classic_089.mp3"
"Copied","classic_090.mp3","01 Mendelssohn_ Violin Concerto in E Minor, Op. 64, MWV O14_ I. Allegro molto appassionato.mp3","C:\Users\lac\OneDrive - IMS Messsysteme GmbH\Dokumente\NoteCable Spotify Music Converter\Joschijas Hitster Gang\01 Mendelssohn_ Violin Concerto in E Minor, Op. 64, MWV O14_ I. Allegro molto appassionato.mp3","C:\Code\JKH\ClassicHitster.App\Resources\Raw\classic_090.mp3"
"Copied","classic_091.mp3","07 Lockung.mp3","C:\Users\lac\OneDrive - IMS Messsysteme GmbH\Dokumente\NoteCable Spotify Music Converter\Joschijas Hitster Gang\07 Lockung.mp3","C:\Code\JKH\ClassicHitster.App\Resources\Raw\classic_091.mp3"
"Copied","classic_092.mp3","01 Piano Trio in D Minor, Op. 11_ I. Allegro molto vivace.mp3","C:\Users\lac\OneDrive - IMS Messsysteme GmbH\Dokumente\NoteCable Spotify Music Converter\Joschijas Hitster Gang\01 Piano Trio in D Minor, Op. 11_ I. Allegro molto vivace.mp3","C:\Code\JKH\ClassicHitster.App\Resources\Raw\classic_092.mp3"
"Copied","classic_093.mp3","14 Rigoletto _ Act 3_ _La donna è mobile_ - _E là il vostr'uomo_ (Duca _ Sparafucile, Rigoletto).mp3","C:\Users\lac\OneDrive - IMS Messsysteme GmbH\Dokumente\NoteCable Spotify Music Converter\Joschijas Hitster Gang\14 Rigoletto _ Act 3_ _La donna è mobile_ - _E là il vostr'uomo_ (Duca _ Sparafucile, Rigoletto).mp3","C:\Code\JKH\ClassicHitster.App\Resources\Raw\classic_093.mp3"
"Copied","classic_094.mp3","01 A Faust Symphony, S. 108_ I. Faust.mp3","C:\Users\lac\OneDrive - IMS Messsysteme GmbH\Dokumente\NoteCable Spotify Music Converter\Joschijas Hitster Gang\01 A Faust Symphony, S. 108_ I. Faust.mp3","C:\Code\JKH\ClassicHitster.App\Resources\Raw\classic_094.mp3"
"Copied","classic_095.mp3","01 Les préludes, Symphonic Poem No. 3, S. 97.mp3","C:\Users\lac\OneDrive - IMS Messsysteme GmbH\Dokumente\NoteCable Spotify Music Converter\Joschijas Hitster Gang\01 Les préludes, Symphonic Poem No. 3, S. 97.mp3","C:\Code\JKH\ClassicHitster.App\Resources\Raw\classic_095.mp3"
"Copied","classic_096.mp3","05 Hunnenschlacht, S. 105.mp3","C:\Users\lac\OneDrive - IMS Messsysteme GmbH\Dokumente\NoteCable Spotify Music Converter\Joschijas Hitster Gang\05 Hunnenschlacht, S. 105.mp3","C:\Code\JKH\ClassicHitster.App\Resources\Raw\classic_096.mp3"
"Copied","classic_097.mp3","03 A Dante Symphony, S.109_ 1. Inferno.mp3","C:\Users\lac\OneDrive - IMS Messsysteme GmbH\Dokumente\NoteCable Spotify Music Converter\Joschijas Hitster Gang\03 A Dante Symphony, S.109_ 1. Inferno.mp3","C:\Code\JKH\ClassicHitster.App\Resources\Raw\classic_097.mp3"
"Copied","classic_098.mp3","01 Faust, CG 4_ Introduction.mp3","C:\Users\lac\OneDrive - IMS Messsysteme GmbH\Dokumente\NoteCable Spotify Music Converter\Joschijas Hitster Gang\01 Faust, CG 4_ Introduction.mp3","C:\Code\JKH\ClassicHitster.App\Resources\Raw\classic_098.mp3"
"Copied","classic_099.mp3","02 Piano Concerto No. 1 in D Minor, Op. 15_ I. Maestoso.mp3","C:\Users\lac\OneDrive - IMS Messsysteme GmbH\Dokumente\NoteCable Spotify Music Converter\Joschijas Hitster Gang\02 Piano Concerto No. 1 in D Minor, Op. 15_ I. Maestoso.mp3","C:\Code\JKH\ClassicHitster.App\Resources\Raw\classic_099.mp3"
"Copied","classic_101.mp3","01 Tannhäuser_ Overture.mp3","C:\Users\lac\OneDrive - IMS Messsysteme GmbH\Dokumente\NoteCable Spotify Music Converter\Joschijas Hitster Gang\01 Tannhäuser_ Overture.mp3","C:\Code\JKH\ClassicHitster.App\Resources\Raw\classic_101.mp3"
"Copied","classic_102.mp3","03 Die Meistersinger von Nürnberg, Act III_ Prelude.mp3","C:\Users\lac\OneDrive - IMS Messsysteme GmbH\Dokumente\NoteCable Spotify Music Converter\Joschijas Hitster Gang\03 Die Meistersinger von Nürnberg, Act III_ Prelude.mp3","C:\Code\JKH\ClassicHitster.App\Resources\Raw\classic_102.mp3"
"Copied","classic_103.mp3","04 Tristan und Isolde, Act I_ Prelude.mp3","C:\Users\lac\OneDrive - IMS Messsysteme GmbH\Dokumente\NoteCable Spotify Music Converter\Joschijas Hitster Gang\04 Tristan und Isolde, Act I_ Prelude.mp3","C:\Code\JKH\ClassicHitster.App\Resources\Raw\classic_103.mp3"
"Copied","classic_104.mp3","01 Die verkaufte Braut_ Overture.mp3","C:\Users\lac\OneDrive - IMS Messsysteme GmbH\Dokumente\NoteCable Spotify Music Converter\Joschijas Hitster Gang\01 Die verkaufte Braut_ Overture.mp3","C:\Code\JKH\ClassicHitster.App\Resources\Raw\classic_104.mp3"
"Copied","classic_105.mp3","01 Brahms_ Ein deutsches Requiem, Op. 45_ I. Selig sind die da Leid tragen.mp3","C:\Users\lac\OneDrive - IMS Messsysteme GmbH\Dokumente\NoteCable Spotify Music Converter\Joschijas Hitster Gang\01 Brahms_ Ein deutsches Requiem, Op. 45_ I. Selig sind die da Leid tragen.mp3","C:\Code\JKH\ClassicHitster.App\Resources\Raw\classic_105.mp3"
"Copied","classic_106.mp3","01 Piano Concerto in A Minor, Op. 16_ I. Allegro molto moderato - Remastered.mp3","C:\Users\lac\OneDrive - IMS Messsysteme GmbH\Dokumente\NoteCable Spotify Music Converter\Joschijas Hitster Gang\01 Piano Concerto in A Minor, Op. 16_ I. Allegro molto moderato - Remastered.mp3","C:\Code\JKH\ClassicHitster.App\Resources\Raw\classic_106.mp3"
"Copied","classic_107.mp3","01 Das Rheingold_ Prelude - 2012 Remaster.mp3","C:\Users\lac\OneDrive - IMS Messsysteme GmbH\Dokumente\NoteCable Spotify Music Converter\Joschijas Hitster Gang\01 Das Rheingold_ Prelude - 2012 Remaster.mp3","C:\Code\JKH\ClassicHitster.App\Resources\Raw\classic_107.mp3"
"Copied","classic_108.mp3","05 21 Hungarian Dances, WoO 1_ No. 5 in F-Sharp Minor. Allegro.mp3","C:\Users\lac\OneDrive - IMS Messsysteme GmbH\Dokumente\NoteCable Spotify Music Converter\Joschijas Hitster Gang\05 21 Hungarian Dances, WoO 1_ No. 5 in F-Sharp Minor. Allegro.mp3","C:\Code\JKH\ClassicHitster.App\Resources\Raw\classic_108.mp3"
"Copied","classic_109.mp3","05 Pictures at an Exhibition_ Promenade I (Orch. M. Ravel).mp3","C:\Users\lac\OneDrive - IMS Messsysteme GmbH\Dokumente\NoteCable Spotify Music Converter\Joschijas Hitster Gang\05 Pictures at an Exhibition_ Promenade I (Orch. M. Ravel).mp3","C:\Code\JKH\ClassicHitster.App\Resources\Raw\classic_109.mp3"
"Copied","classic_110.mp3","01 Die Fledermaus_ Overture.mp3","C:\Users\lac\OneDrive - IMS Messsysteme GmbH\Dokumente\NoteCable Spotify Music Converter\Joschijas Hitster Gang\01 Die Fledermaus_ Overture.mp3","C:\Code\JKH\ClassicHitster.App\Resources\Raw\classic_110.mp3"
"Copied","classic_111.mp3","03 Verdi_ Messa da Requiem_ III. Dies iræ.mp3","C:\Users\lac\OneDrive - IMS Messsysteme GmbH\Dokumente\NoteCable Spotify Music Converter\Joschijas Hitster Gang\03 Verdi_ Messa da Requiem_ III. Dies iræ.mp3","C:\Code\JKH\ClassicHitster.App\Resources\Raw\classic_111.mp3"
"Copied","classic_112.mp3","01 Bizet_ Carmen, WD 31_ Prélude.mp3","C:\Users\lac\OneDrive - IMS Messsysteme GmbH\Dokumente\NoteCable Spotify Music Converter\Joschijas Hitster Gang\01 Bizet_ Carmen, WD 31_ Prélude.mp3","C:\Code\JKH\ClassicHitster.App\Resources\Raw\classic_112.mp3"
"Copied","classic_113.mp3","01 Piano Concerto No. 1 in B-Flat Minor, Op. 23_ I. Allegro non troppo e molto maestoso – Allegro con spirito.mp3","C:\Users\lac\OneDrive - IMS Messsysteme GmbH\Dokumente\NoteCable Spotify Music Converter\Joschijas Hitster Gang\01 Piano Concerto No. 1 in B-Flat Minor, Op. 23_ I. Allegro non troppo e molto maestoso – Allegro con spirito.mp3","C:\Code\JKH\ClassicHitster.App\Resources\Raw\classic_113.mp3"
"Copied","classic_114.mp3","06 Symphony No. 1 in C Minor, Op. 68_ IV. Adagio - Più andante - Allegro non troppo, ma con brio - Più allegro.mp3","C:\Users\lac\OneDrive - IMS Messsysteme GmbH\Dokumente\NoteCable Spotify Music Converter\Joschijas Hitster Gang\06 Symphony No. 1 in C Minor, Op. 68_ IV. Adagio - Più andante - Allegro non troppo, ma con brio - Più allegro.mp3","C:\Code\JKH\ClassicHitster.App\Resources\Raw\classic_114.mp3"
"Copied","classic_115.mp3","01 Introduction (Eugene Onegin).mp3","C:\Users\lac\OneDrive - IMS Messsysteme GmbH\Dokumente\NoteCable Spotify Music Converter\Joschijas Hitster Gang\01 Introduction (Eugene Onegin).mp3","C:\Code\JKH\ClassicHitster.App\Resources\Raw\classic_115.mp3"
"Copied","classic_116.mp3","07 Offenbach_ Hoffmanns Erzählungen, Act 1_ _Es war einmal am Hofe von Eisenack_ (Hoffmann, Chorus).mp3","C:\Users\lac\OneDrive - IMS Messsysteme GmbH\Dokumente\NoteCable Spotify Music Converter\Joschijas Hitster Gang\07 Offenbach_ Hoffmanns Erzählungen, Act 1_ _Es war einmal am Hofe von Eisenack_ (Hoffmann, Chorus).mp3","C:\Code\JKH\ClassicHitster.App\Resources\Raw\classic_116.mp3"
"Copied","classic_117.mp3","02 Má Vlast, JB1_112_ 2. Vltava.mp3","C:\Users\lac\OneDrive - IMS Messsysteme GmbH\Dokumente\NoteCable Spotify Music Converter\Joschijas Hitster Gang\02 Má Vlast, JB1_112_ 2. Vltava.mp3","C:\Code\JKH\ClassicHitster.App\Resources\Raw\classic_117.mp3"
"Copied","classic_118.mp3","01 Parsifal_ Prelude.mp3","C:\Users\lac\OneDrive - IMS Messsysteme GmbH\Dokumente\NoteCable Spotify Music Converter\Joschijas Hitster Gang\01 Parsifal_ Prelude.mp3","C:\Code\JKH\ClassicHitster.App\Resources\Raw\classic_118.mp3"
"Copied","classic_119.mp3","01 Gabriel Fauré_ Requiem in D Minor (wersja z 1893 roku), Op. 48_ I. Introït et Kyrie.mp3","C:\Users\lac\OneDrive - IMS Messsysteme GmbH\Dokumente\NoteCable Spotify Music Converter\Joschijas Hitster Gang\01 Gabriel Fauré_ Requiem in D Minor (wersja z 1893 roku), Op. 48_ I. Introït et Kyrie.mp3","C:\Code\JKH\ClassicHitster.App\Resources\Raw\classic_119.mp3"
"Copied","classic_120.mp3","06 Peer Gynt, Op. 23_ Act II, 7, In the Hall of the Mountain King.mp3","C:\Users\lac\OneDrive - IMS Messsysteme GmbH\Dokumente\NoteCable Spotify Music Converter\Joschijas Hitster Gang\06 Peer Gynt, Op. 23_ Act II, 7, In the Hall of the Mountain King.mp3","C:\Code\JKH\ClassicHitster.App\Resources\Raw\classic_120.mp3"
"Copied","classic_121.mp3","01 Otello, Act I_ Una vela!.mp3","C:\Users\lac\OneDrive - IMS Messsysteme GmbH\Dokumente\NoteCable Spotify Music Converter\Joschijas Hitster Gang\01 Otello, Act I_ Una vela!.mp3","C:\Code\JKH\ClassicHitster.App\Resources\Raw\classic_121.mp3"
"Copied","classic_122.mp3","01 3 Gymnopédies_ No. 1, Lent et douloureux.mp3","C:\Users\lac\OneDrive - IMS Messsysteme GmbH\Dokumente\NoteCable Spotify Music Converter\Joschijas Hitster Gang\01 3 Gymnopédies_ No. 1, Lent et douloureux.mp3","C:\Code\JKH\ClassicHitster.App\Resources\Raw\classic_122.mp3"
"Copied","classic_124.mp3","01 Symphony No. 1 in D Major _Titan__ I. Langsam. Schleppend - Live.mp3","C:\Users\lac\OneDrive - IMS Messsysteme GmbH\Dokumente\NoteCable Spotify Music Converter\Joschijas Hitster Gang\01 Symphony No. 1 in D Major _Titan__ I. Langsam. Schleppend - Live.mp3","C:\Code\JKH\ClassicHitster.App\Resources\Raw\classic_124.mp3"
"Copied","classic_125.mp3","01 Bruckner_ Symphony No. 5 in B-Flat Major, WAB105_ I. Introduction. Adagio - Allegro.mp3","C:\Users\lac\OneDrive - IMS Messsysteme GmbH\Dokumente\NoteCable Spotify Music Converter\Joschijas Hitster Gang\01 Bruckner_ Symphony No. 5 in B-Flat Major, WAB105_ I. Introduction. Adagio - Allegro.mp3","C:\Code\JKH\ClassicHitster.App\Resources\Raw\classic_125.mp3"
"Copied","classic_126.mp3","01 Prélude à l'après-midi d'un faune, CD 87a.mp3","C:\Users\lac\OneDrive - IMS Messsysteme GmbH\Dokumente\NoteCable Spotify Music Converter\Joschijas Hitster Gang\01 Prélude à l'après-midi d'un faune, CD 87a.mp3","C:\Code\JKH\ClassicHitster.App\Resources\Raw\classic_126.mp3"
"Copied","classic_127.mp3","14 Till Eulenspiegels lustige Streiche, Op. 28.mp3","C:\Users\lac\OneDrive - IMS Messsysteme GmbH\Dokumente\NoteCable Spotify Music Converter\Joschijas Hitster Gang\14 Till Eulenspiegels lustige Streiche, Op. 28.mp3","C:\Code\JKH\ClassicHitster.App\Resources\Raw\classic_127.mp3"
"Copied","classic_128.mp3","01 Cello Concerto in B Minor, Op. 104_ I. Allegro.mp3","C:\Users\lac\OneDrive - IMS Messsysteme GmbH\Dokumente\NoteCable Spotify Music Converter\Joschijas Hitster Gang\01 Cello Concerto in B Minor, Op. 104_ I. Allegro.mp3","C:\Code\JKH\ClassicHitster.App\Resources\Raw\classic_128.mp3"
"Copied","classic_129.mp3","02 Lieder eines fahrenden Gesellen_ No. 2, Ging heut' morgen übers Feld.mp3","C:\Users\lac\OneDrive - IMS Messsysteme GmbH\Dokumente\NoteCable Spotify Music Converter\Joschijas Hitster Gang\02 Lieder eines fahrenden Gesellen_ No. 2, Ging heut' morgen übers Feld.mp3","C:\Code\JKH\ClassicHitster.App\Resources\Raw\classic_129.mp3"
"Copied","classic_130.mp3","01 La Bohème _ Act 1_ _Questo Mar Rosso_.mp3","C:\Users\lac\OneDrive - IMS Messsysteme GmbH\Dokumente\NoteCable Spotify Music Converter\Joschijas Hitster Gang\01 La Bohème _ Act 1_ _Questo Mar Rosso_.mp3","C:\Code\JKH\ClassicHitster.App\Resources\Raw\classic_130.mp3"
"Copied","classic_131.mp3","01 L'apprenti sorcier.mp3","C:\Users\lac\OneDrive - IMS Messsysteme GmbH\Dokumente\NoteCable Spotify Music Converter\Joschijas Hitster Gang\01 L'apprenti sorcier.mp3","C:\Code\JKH\ClassicHitster.App\Resources\Raw\classic_131.mp3"
"Copied","classic_132.mp3","06 4 Pezzi sacri_ II. Stabat Mater.mp3","C:\Users\lac\OneDrive - IMS Messsysteme GmbH\Dokumente\NoteCable Spotify Music Converter\Joschijas Hitster Gang\06 4 Pezzi sacri_ II. Stabat Mater.mp3","C:\Code\JKH\ClassicHitster.App\Resources\Raw\classic_132.mp3"
"Copied","classic_133.mp3","01 Schoenberg_ Verklärte Nacht, Op. 4_ I. Grave (1943 Version).mp3","C:\Users\lac\OneDrive - IMS Messsysteme GmbH\Dokumente\NoteCable Spotify Music Converter\Joschijas Hitster Gang\01 Schoenberg_ Verklärte Nacht, Op. 4_ I. Grave (1943 Version).mp3","C:\Code\JKH\ClassicHitster.App\Resources\Raw\classic_133.mp3"
"Copied","classic_134.mp3","02 Finlandia, Op. 26.mp3","C:\Users\lac\OneDrive - IMS Messsysteme GmbH\Dokumente\NoteCable Spotify Music Converter\Joschijas Hitster Gang\02 Finlandia, Op. 26.mp3","C:\Code\JKH\ClassicHitster.App\Resources\Raw\classic_134.mp3"
"Copied","classic_135.mp3","09 Puccini_ Tosca, Act 2_ _Vissi d'arte, vissi d'amore_ (Tosca).mp3","C:\Users\lac\OneDrive - IMS Messsysteme GmbH\Dokumente\NoteCable Spotify Music Converter\Joschijas Hitster Gang\09 Puccini_ Tosca, Act 2_ _Vissi d'arte, vissi d'amore_ (Tosca).mp3","C:\Code\JKH\ClassicHitster.App\Resources\Raw\classic_135.mp3"
"Copied","classic_136.mp3","01 Fantasie und Fuge über B-A-C-H (1900), op. 46_ 1. Fantasie (Grave).mp3","C:\Users\lac\OneDrive - IMS Messsysteme GmbH\Dokumente\NoteCable Spotify Music Converter\Joschijas Hitster Gang\01 Fantasie und Fuge über B-A-C-H (1900), op. 46_ 1. Fantasie (Grave).mp3","C:\Code\JKH\ClassicHitster.App\Resources\Raw\classic_136.mp3"
"Copied","classic_137.mp3","04 Piano Concerto No. 2 in C Minor, Op. 18_ I. Moderato.mp3","C:\Users\lac\OneDrive - IMS Messsysteme GmbH\Dokumente\NoteCable Spotify Music Converter\Joschijas Hitster Gang\04 Piano Concerto No. 2 in C Minor, Op. 18_ I. Moderato.mp3","C:\Code\JKH\ClassicHitster.App\Resources\Raw\classic_137.mp3"
"Copied","classic_138.mp3","01 Pelléas et Mélisande, L. 88_ Act I_ Scene I, Une forêt _Je ne pourrai plus sortir de cette forêt_.mp3","C:\Users\lac\OneDrive - IMS Messsysteme GmbH\Dokumente\NoteCable Spotify Music Converter\Joschijas Hitster Gang\01 Pelléas et Mélisande, L. 88_ Act I_ Scene I, Une forêt _Je ne pourrai plus sortir de cette forêt_.mp3","C:\Code\JKH\ClassicHitster.App\Resources\Raw\classic_138.mp3"
"Copied","classic_139.mp3","01 Symphony No. 9 in D Minor, WAB 109 (Incomplete)_ I. Feierlich, misterioso [Live].mp3","C:\Users\lac\OneDrive - IMS Messsysteme GmbH\Dokumente\NoteCable Spotify Music Converter\Joschijas Hitster Gang\01 Symphony No. 9 in D Minor, WAB 109 (Incomplete)_ I. Feierlich, misterioso [Live].mp3","C:\Code\JKH\ClassicHitster.App\Resources\Raw\classic_139.mp3"
"Copied","classic_140.mp3","08 Puccini_ Madama Butterfly, Act 2_ _Un bel dì vedremo_ (Butterfly).mp3","C:\Users\lac\OneDrive - IMS Messsysteme GmbH\Dokumente\NoteCable Spotify Music Converter\Joschijas Hitster Gang\08 Puccini_ Madama Butterfly, Act 2_ _Un bel dì vedremo_ (Butterfly).mp3","C:\Code\JKH\ClassicHitster.App\Resources\Raw\classic_140.mp3"
"Copied","classic_141.mp3","14 Strauss, Richard_ Salome, Op. 54, TrV 215, Scene 4_ Dance of the Seven Veils (Orchestral Interlude).mp3","C:\Users\lac\OneDrive - IMS Messsysteme GmbH\Dokumente\NoteCable Spotify Music Converter\Joschijas Hitster Gang\14 Strauss, Richard_ Salome, Op. 54, TrV 215, Scene 4_ Dance of the Seven Veils (Orchestral Interlude).mp3","C:\Code\JKH\ClassicHitster.App\Resources\Raw\classic_141.mp3"
"Copied","classic_142.mp3","01 The Isle of the Dead, Symphonic Poem, Op. 29.mp3","C:\Users\lac\OneDrive - IMS Messsysteme GmbH\Dokumente\NoteCable Spotify Music Converter\Joschijas Hitster Gang\01 The Isle of the Dead, Symphonic Poem, Op. 29.mp3","C:\Code\JKH\ClassicHitster.App\Resources\Raw\classic_142.mp3"
"Copied","classic_143.mp3","01 Elektra, Op. 58_ _Wo bleibt Elektra__.mp3","C:\Users\lac\OneDrive - IMS Messsysteme GmbH\Dokumente\NoteCable Spotify Music Converter\Joschijas Hitster Gang\01 Elektra, Op. 58_ _Wo bleibt Elektra__.mp3","C:\Code\JKH\ClassicHitster.App\Resources\Raw\classic_143.mp3"
"Copied","classic_144.mp3","01 The Firebird, K10_ I. Introduction.mp3","C:\Users\lac\OneDrive - IMS Messsysteme GmbH\Dokumente\NoteCable Spotify Music Converter\Joschijas Hitster Gang\01 The Firebird, K10_ I. Introduction.mp3","C:\Code\JKH\ClassicHitster.App\Resources\Raw\classic_144.mp3"
"Copied","classic_145.mp3","08 Préludes _ Book 1, L. 117_ VIII. La fille aux cheveux de lin.mp3","C:\Users\lac\OneDrive - IMS Messsysteme GmbH\Dokumente\NoteCable Spotify Music Converter\Joschijas Hitster Gang\08 Préludes _ Book 1, L. 117_ VIII. La fille aux cheveux de lin.mp3","C:\Code\JKH\ClassicHitster.App\Resources\Raw\classic_145.mp3"
"Copied","classic_146.mp3","01 Das Lied von der Erde_ I. Das Trinklied vom Jammer der Erde.mp3","C:\Users\lac\OneDrive - IMS Messsysteme GmbH\Dokumente\NoteCable Spotify Music Converter\Joschijas Hitster Gang\01 Das Lied von der Erde_ I. Das Trinklied vom Jammer der Erde.mp3","C:\Code\JKH\ClassicHitster.App\Resources\Raw\classic_146.mp3"
"Copied","classic_147.mp3","04 Symphony No. 4 in A Minor, Op. 63_ I. Tempo molto moderato, quasi adagio.mp3","C:\Users\lac\OneDrive - IMS Messsysteme GmbH\Dokumente\NoteCable Spotify Music Converter\Joschijas Hitster Gang\04 Symphony No. 4 in A Minor, Op. 63_ I. Tempo molto moderato, quasi adagio.mp3","C:\Code\JKH\ClassicHitster.App\Resources\Raw\classic_147.mp3"
"Copied","classic_148.mp3","04 Sechs kleine Klavierstücke, Op. 19_ I. Leicht, zart.mp3","C:\Users\lac\OneDrive - IMS Messsysteme GmbH\Dokumente\NoteCable Spotify Music Converter\Joschijas Hitster Gang\04 Sechs kleine Klavierstücke, Op. 19_ I. Leicht, zart.mp3","C:\Code\JKH\ClassicHitster.App\Resources\Raw\classic_148.mp3"
"Copied","classic_149.mp3","01 Petrushka, K12 (1911 Version)_ I. The Shrovetide Fair – The Crowds – The Conjuring-Trick – Russian Dance.mp3","C:\Users\lac\OneDrive - IMS Messsysteme GmbH\Dokumente\NoteCable Spotify Music Converter\Joschijas Hitster Gang\01 Petrushka, K12 (1911 Version)_ I. The Shrovetide Fair – The Crowds – The Conjuring-Trick – Russian Dance.mp3","C:\Code\JKH\ClassicHitster.App\Resources\Raw\classic_149.mp3"
"Copied","classic_150.mp3","09 Promethée, le poème du feu, Op. 60.mp3","C:\Users\lac\OneDrive - IMS Messsysteme GmbH\Dokumente\NoteCable Spotify Music Converter\Joschijas Hitster Gang\09 Promethée, le poème du feu, Op. 60.mp3","C:\Code\JKH\ClassicHitster.App\Resources\Raw\classic_150.mp3"
"Copied","classic_151.mp3","01 Der Rosenkavalier, Op. 59, TrV 227_ Prelude.mp3","C:\Users\lac\OneDrive - IMS Messsysteme GmbH\Dokumente\NoteCable Spotify Music Converter\Joschijas Hitster Gang\01 Der Rosenkavalier, Op. 59, TrV 227_ Prelude.mp3","C:\Code\JKH\ClassicHitster.App\Resources\Raw\classic_151.mp3"
"Copied","classic_152.mp3","01 Symphony No. 9 in D_ 2. Im Tempo eines gemächlichen Ländlers. Etwas täppisch und sehr derb.mp3","C:\Users\lac\OneDrive - IMS Messsysteme GmbH\Dokumente\NoteCable Spotify Music Converter\Joschijas Hitster Gang\01 Symphony No. 9 in D_ 2. Im Tempo eines gemächlichen Ländlers. Etwas täppisch und sehr derb.mp3","C:\Code\JKH\ClassicHitster.App\Resources\Raw\classic_152.mp3"
"Copied","classic_153.mp3","02 Gurrelieder, Pt. 1_ No. 2, Nun dämpft die Dämmerung (Waldemar).mp3","C:\Users\lac\OneDrive - IMS Messsysteme GmbH\Dokumente\NoteCable Spotify Music Converter\Joschijas Hitster Gang\02 Gurrelieder, Pt. 1_ No. 2, Nun dämpft die Dämmerung (Waldemar).mp3","C:\Code\JKH\ClassicHitster.App\Resources\Raw\classic_153.mp3"
"Copied","classic_154.mp3","02 The Rite of Spring, K15, Pt. 1_ II. The Augurs of Spring. Dances of the Young Girls.mp3","C:\Users\lac\OneDrive - IMS Messsysteme GmbH\Dokumente\NoteCable Spotify Music Converter\Joschijas Hitster Gang\02 The Rite of Spring, K15, Pt. 1_ II. The Augurs of Spring. Dances of the Young Girls.mp3","C:\Code\JKH\ClassicHitster.App\Resources\Raw\classic_154.mp3"
"Copied","classic_155.mp3","14 Jazz Suite No. 2_ VI. Waltz 2.mp3","C:\Users\lac\OneDrive - IMS Messsysteme GmbH\Dokumente\NoteCable Spotify Music Converter\Joschijas Hitster Gang\14 Jazz Suite No. 2_ VI. Waltz 2.mp3","C:\Code\JKH\ClassicHitster.App\Resources\Raw\classic_155.mp3"
"Copied","classic_156.mp3","12 Boundless (Live).mp3","C:\Users\lac\OneDrive - IMS Messsysteme GmbH\Dokumente\NoteCable Spotify Music Converter\Joschijas Hitster Gang\12 Boundless (Live).mp3","C:\Code\JKH\ClassicHitster.App\Resources\Raw\classic_156.mp3"
"Copied","classic_157.mp3","07 Jubilate Deo_ VII. ...Omnis Terra!.mp3","C:\Users\lac\OneDrive - IMS Messsysteme GmbH\Dokumente\NoteCable Spotify Music Converter\Joschijas Hitster Gang\07 Jubilate Deo_ VII. ...Omnis Terra!.mp3","C:\Code\JKH\ClassicHitster.App\Resources\Raw\classic_157.mp3"
"Copied","classic_158.mp3","44 The Well-Tempered Clavier I, Prelude & Fugue No. 1 in C Major, BWV 846_ I. Prelude.mp3","C:\Users\lac\OneDrive - IMS Messsysteme GmbH\Dokumente\NoteCable Spotify Music Converter\Joschijas Hitster Gang\44 The Well-Tempered Clavier I, Prelude & Fugue No. 1 in C Major, BWV 846_ I. Prelude.mp3","C:\Code\JKH\ClassicHitster.App\Resources\Raw\classic_158.mp3"
"Copied","classic_159.mp3","32 Orchestral Suite No. 3 in D Major, BWV 1068_ II. Air _on the G String_.mp3","C:\Users\lac\OneDrive - IMS Messsysteme GmbH\Dokumente\NoteCable Spotify Music Converter\Joschijas Hitster Gang\32 Orchestral Suite No. 3 in D Major, BWV 1068_ II. Air _on the G String_.mp3","C:\Code\JKH\ClassicHitster.App\Resources\Raw\classic_159.mp3"
"Copied","classic_160.mp3","03 Toccata and Fugue in D minor.mp3","C:\Users\lac\OneDrive - IMS Messsysteme GmbH\Dokumente\NoteCable Spotify Music Converter\Joschijas Hitster Gang\03 Toccata and Fugue in D minor.mp3","C:\Code\JKH\ClassicHitster.App\Resources\Raw\classic_160.mp3"
"Copied","classic_161.mp3","04 Wachet auf, ruft uns die Stimme, BWV 140_ IV. Chorale. Zion hört die Wächter singen.mp3","C:\Users\lac\OneDrive - IMS Messsysteme GmbH\Dokumente\NoteCable Spotify Music Converter\Joschijas Hitster Gang\04 Wachet auf, ruft uns die Stimme, BWV 140_ IV. Chorale. Zion hört die Wächter singen.mp3","C:\Code\JKH\ClassicHitster.App\Resources\Raw\classic_161.mp3"
"Copied","classic_162.mp3","01 The Four Seasons - Violin Concerto in E Major, Op. 8 No. 1, RV 269 _Spring__ I. Allegro.mp3","C:\Users\lac\OneDrive - IMS Messsysteme GmbH\Dokumente\NoteCable Spotify Music Converter\Joschijas Hitster Gang\01 The Four Seasons - Violin Concerto in E Major, Op. 8 No. 1, RV 269 _Spring__ I. Allegro.mp3","C:\Code\JKH\ClassicHitster.App\Resources\Raw\classic_162.mp3"
"Copied","classic_163.mp3","01 Handel_ Music for the Royal Fireworks, HWV 351_ I. Overture (Adagio).mp3","C:\Users\lac\OneDrive - IMS Messsysteme GmbH\Dokumente\NoteCable Spotify Music Converter\Joschijas Hitster Gang\01 Handel_ Music for the Royal Fireworks, HWV 351_ I. Overture (Adagio).mp3","C:\Code\JKH\ClassicHitster.App\Resources\Raw\classic_163.mp3"
"Copied","classic_164.mp3","14 Suite d'Abdelazer_ or, the moor's revenge_ Rondeau.mp3","C:\Users\lac\OneDrive - IMS Messsysteme GmbH\Dokumente\NoteCable Spotify Music Converter\Joschijas Hitster Gang\14 Suite d'Abdelazer_ or, the moor's revenge_ Rondeau.mp3","C:\Code\JKH\ClassicHitster.App\Resources\Raw\classic_164.mp3"
"Copied","classic_165.mp3","02 Trumpet Tune in C Major, ZT 697 (Arr. for Brass Ensemble and Organ).mp3","C:\Users\lac\OneDrive - IMS Messsysteme GmbH\Dokumente\NoteCable Spotify Music Converter\Joschijas Hitster Gang\02 Trumpet Tune in C Major, ZT 697 (Arr. for Brass Ensemble and Organ).mp3","C:\Code\JKH\ClassicHitster.App\Resources\Raw\classic_165.mp3"
"Copied","classic_166.mp3","14 Ave Maria.mp3","C:\Users\lac\OneDrive - IMS Messsysteme GmbH\Dokumente\NoteCable Spotify Music Converter\Joschijas Hitster Gang\14 Ave Maria.mp3","C:\Code\JKH\ClassicHitster.App\Resources\Raw\classic_166.mp3"
"Copied","classic_167.mp3","10 Elgar_ Variations on an Original Theme, Op. 36 _Enigma__ Variation IX. Nimrod.mp3","C:\Users\lac\OneDrive - IMS Messsysteme GmbH\Dokumente\NoteCable Spotify Music Converter\Joschijas Hitster Gang\10 Elgar_ Variations on an Original Theme, Op. 36 _Enigma__ Variation IX. Nimrod.mp3","C:\Code\JKH\ClassicHitster.App\Resources\Raw\classic_167.mp3"
"Copied","classic_168.mp3","13 Jerusalem.mp3","C:\Users\lac\OneDrive - IMS Messsysteme GmbH\Dokumente\NoteCable Spotify Music Converter\Joschijas Hitster Gang\13 Jerusalem.mp3","C:\Code\JKH\ClassicHitster.App\Resources\Raw\classic_168.mp3"
"Copied","classic_169.mp3","09 Tchaikovsky_ The Nutcracker, Op. 71, Act 2_ No. 13, Waltz of the Flowers.mp3","C:\Users\lac\OneDrive - IMS Messsysteme GmbH\Dokumente\NoteCable Spotify Music Converter\Joschijas Hitster Gang\09 Tchaikovsky_ The Nutcracker, Op. 71, Act 2_ No. 13, Waltz of the Flowers.mp3","C:\Code\JKH\ClassicHitster.App\Resources\Raw\classic_169.mp3"
"Copied","classic_170.mp3","01 Suite bergamasque, L. 75_ III. Clair de lune.mp3","C:\Users\lac\OneDrive - IMS Messsysteme GmbH\Dokumente\NoteCable Spotify Music Converter\Joschijas Hitster Gang\01 Suite bergamasque, L. 75_ III. Clair de lune.mp3","C:\Code\JKH\ClassicHitster.App\Resources\Raw\classic_170.mp3"
"Copied","classic_171.mp3","01 Symphony No. 2 in B-Flat Major, Op. 52 _Hymn of Praise__ Ia. Sinfonia_ Maestoso con moto.mp3","C:\Users\lac\OneDrive - IMS Messsysteme GmbH\Dokumente\NoteCable Spotify Music Converter\Joschijas Hitster Gang\01 Symphony No. 2 in B-Flat Major, Op. 52 _Hymn of Praise__ Ia. Sinfonia_ Maestoso con moto.mp3","C:\Code\JKH\ClassicHitster.App\Resources\Raw\classic_171.mp3"
"Copied","classic_172.mp3","12 The Armed Man - A Mass For Peace_ XII. Benedictus.mp3","C:\Users\lac\OneDrive - IMS Messsysteme GmbH\Dokumente\NoteCable Spotify Music Converter\Joschijas Hitster Gang\12 The Armed Man - A Mass For Peace_ XII. Benedictus.mp3","C:\Code\JKH\ClassicHitster.App\Resources\Raw\classic_172.mp3"
"Copied","classic_173.mp3","13 Ave verum corpus, K. 618.mp3","C:\Users\lac\OneDrive - IMS Messsysteme GmbH\Dokumente\NoteCable Spotify Music Converter\Joschijas Hitster Gang\13 Ave verum corpus, K. 618.mp3","C:\Code\JKH\ClassicHitster.App\Resources\Raw\classic_173.mp3"
"Copied","classic_174.mp3","14 3 Geistliche Gesänge, Op. 69_ II. Hymne.mp3","C:\Users\lac\OneDrive - IMS Messsysteme GmbH\Dokumente\NoteCable Spotify Music Converter\Joschijas Hitster Gang\14 3 Geistliche Gesänge, Op. 69_ II. Hymne.mp3","C:\Code\JKH\ClassicHitster.App\Resources\Raw\classic_174.mp3"
"Copied","classic_175.mp3","12 Look at the World.mp3","C:\Users\lac\OneDrive - IMS Messsysteme GmbH\Dokumente\NoteCable Spotify Music Converter\Joschijas Hitster Gang\12 Look at the World.mp3","C:\Code\JKH\ClassicHitster.App\Resources\Raw\classic_175.mp3"
"Copied","classic_176.mp3","08 Schubert_ Die Forelle, Op. 32, D. 550.mp3","C:\Users\lac\OneDrive - IMS Messsysteme GmbH\Dokumente\NoteCable Spotify Music Converter\Joschijas Hitster Gang\08 Schubert_ Die Forelle, Op. 32, D. 550.mp3","C:\Code\JKH\ClassicHitster.App\Resources\Raw\classic_176.mp3"
"Copied","classic_177.mp3","05 Das ist meine Freude.mp3","C:\Users\lac\OneDrive - IMS Messsysteme GmbH\Dokumente\NoteCable Spotify Music Converter\Joschijas Hitster Gang\05 Das ist meine Freude.mp3","C:\Code\JKH\ClassicHitster.App\Resources\Raw\classic_177.mp3"
"Copied","classic_178.mp3","11 Bereite dich Zion from Christmas Oratorio, BWV 248.mp3","C:\Users\lac\OneDrive - IMS Messsysteme GmbH\Dokumente\NoteCable Spotify Music Converter\Joschijas Hitster Gang\11 Bereite dich Zion from Christmas Oratorio, BWV 248.mp3","C:\Code\JKH\ClassicHitster.App\Resources\Raw\classic_178.mp3"
"Copied","classic_179.mp3","10 Rusalka_ Song to the Moon.mp3","C:\Users\lac\OneDrive - IMS Messsysteme GmbH\Dokumente\NoteCable Spotify Music Converter\Joschijas Hitster Gang\10 Rusalka_ Song to the Moon.mp3","C:\Code\JKH\ClassicHitster.App\Resources\Raw\classic_179.mp3"
"Copied","classic_180.mp3","01 Piano Sonata No. 1 in F Minor, Op. 2 No. 1_ I. Allegro.mp3","C:\Users\lac\OneDrive - IMS Messsysteme GmbH\Dokumente\NoteCable Spotify Music Converter\Joschijas Hitster Gang\01 Piano Sonata No. 1 in F Minor, Op. 2 No. 1_ I. Allegro.mp3","C:\Code\JKH\ClassicHitster.App\Resources\Raw\classic_180.mp3"
"Copied","classic_182.mp3","06 Träumerei, Op.15,7.mp3","C:\Users\lac\OneDrive - IMS Messsysteme GmbH\Dokumente\NoteCable Spotify Music Converter\Joschijas Hitster Gang\06 Träumerei, Op.15,7.mp3","C:\Code\JKH\ClassicHitster.App\Resources\Raw\classic_182.mp3"
"Copied","classic_183.mp3","83 Requiem - Lacrimosa.mp3","C:\Users\lac\OneDrive - IMS Messsysteme GmbH\Dokumente\NoteCable Spotify Music Converter\Joschijas Hitster Gang\83 Requiem - Lacrimosa.mp3","C:\Code\JKH\ClassicHitster.App\Resources\Raw\classic_183.mp3"
"Copied","classic_184.mp3","15 Te Deum - Eurovisionsmelodie.mp3","C:\Users\lac\OneDrive - IMS Messsysteme GmbH\Dokumente\NoteCable Spotify Music Converter\Joschijas Hitster Gang\15 Te Deum - Eurovisionsmelodie.mp3","C:\Code\JKH\ClassicHitster.App\Resources\Raw\classic_184.mp3"
"Copied","classic_185.mp3","20 Der Schwan - Karneval der Tiere.mp3","C:\Users\lac\OneDrive - IMS Messsysteme GmbH\Dokumente\NoteCable Spotify Music Converter\Joschijas Hitster Gang\20 Der Schwan - Karneval der Tiere.mp3","C:\Code\JKH\ClassicHitster.App\Resources\Raw\classic_185.mp3"
"Copied","classic_186.mp3","43 Nessun dorma - Turandot.mp3","C:\Users\lac\OneDrive - IMS Messsysteme GmbH\Dokumente\NoteCable Spotify Music Converter\Joschijas Hitster Gang\43 Nessun dorma - Turandot.mp3","C:\Code\JKH\ClassicHitster.App\Resources\Raw\classic_186.mp3"
"Copied","classic_187.mp3","55 Ave Maria.mp3","C:\Users\lac\OneDrive - IMS Messsysteme GmbH\Dokumente\NoteCable Spotify Music Converter\Joschijas Hitster Gang\55 Ave Maria.mp3","C:\Code\JKH\ClassicHitster.App\Resources\Raw\classic_187.mp3"
"Copied","classic_188.mp3","62 Radetzky-Marsch.mp3","C:\Users\lac\OneDrive - IMS Messsysteme GmbH\Dokumente\NoteCable Spotify Music Converter\Joschijas Hitster Gang\62 Radetzky-Marsch.mp3","C:\Code\JKH\ClassicHitster.App\Resources\Raw\classic_188.mp3"
"Copied","classic_189.mp3","91 Brindisi - La Traviata.mp3","C:\Users\lac\OneDrive - IMS Messsysteme GmbH\Dokumente\NoteCable Spotify Music Converter\Joschijas Hitster Gang\91 Brindisi - La Traviata.mp3","C:\Code\JKH\ClassicHitster.App\Resources\Raw\classic_189.mp3"
"Copied","classic_190.mp3","100 Rondo alla Turca - Türkischer Marsch.mp3","C:\Users\lac\OneDrive - IMS Messsysteme GmbH\Dokumente\NoteCable Spotify Music Converter\Joschijas Hitster Gang\100 Rondo alla Turca - Türkischer Marsch.mp3","C:\Code\JKH\ClassicHitster.App\Resources\Raw\classic_190.mp3"
"Copied","classic_191.mp3","12 12 Études, Op. 10_ No. 12 in C Minor _Revolutionary_.mp3","C:\Users\lac\OneDrive - IMS Messsysteme GmbH\Dokumente\NoteCable Spotify Music Converter\Joschijas Hitster Gang\12 12 Études, Op. 10_ No. 12 in C Minor _Revolutionary_.mp3","C:\Code\JKH\ClassicHitster.App\Resources\Raw\classic_191.mp3"
"Copied","classic_192.mp3","16 Sinfonie No. 3, Die Rheinische, 1. Satz.mp3","C:\Users\lac\OneDrive - IMS Messsysteme GmbH\Dokumente\NoteCable Spotify Music Converter\Joschijas Hitster Gang\16 Sinfonie No. 3, Die Rheinische, 1. Satz.mp3","C:\Code\JKH\ClassicHitster.App\Resources\Raw\classic_192.mp3"
"Copied","classic_193.mp3","09 Wiegenlied, Op. 49, No. 4.mp3","C:\Users\lac\OneDrive - IMS Messsysteme GmbH\Dokumente\NoteCable Spotify Music Converter\Joschijas Hitster Gang\09 Wiegenlied, Op. 49, No. 4.mp3","C:\Code\JKH\ClassicHitster.App\Resources\Raw\classic_193.mp3"
"Copied","classic_194.mp3","01 Haydn_ Trumpet Concerto In E Flat - I Allegro.mp3","C:\Users\lac\OneDrive - IMS Messsysteme GmbH\Dokumente\NoteCable Spotify Music Converter\Joschijas Hitster Gang\01 Haydn_ Trumpet Concerto In E Flat - I Allegro.mp3","C:\Code\JKH\ClassicHitster.App\Resources\Raw\classic_194.mp3"
"Copied","classic_195.mp3","03 Fantasie in C Major, Op. 17_ III. Langsam getragen. Durchaus leise zu halten.mp3","C:\Users\lac\OneDrive - IMS Messsysteme GmbH\Dokumente\NoteCable Spotify Music Converter\Joschijas Hitster Gang\03 Fantasie in C Major, Op. 17_ III. Langsam getragen. Durchaus leise zu halten.mp3","C:\Code\JKH\ClassicHitster.App\Resources\Raw\classic_195.mp3"
"Copied","classic_196.mp3","01 The Four Seasons, Violin Concerto in E Major, RV 269 _ Spring _ _ Allegro.mp3","C:\Users\lac\OneDrive - IMS Messsysteme GmbH\Dokumente\NoteCable Spotify Music Converter\Joschijas Hitster Gang\01 The Four Seasons, Violin Concerto in E Major, RV 269 _ Spring _ _ Allegro.mp3","C:\Code\JKH\ClassicHitster.App\Resources\Raw\classic_196.mp3"
"Copied","classic_197.mp3","02 Der Hölle Rache - Die Zauberflöte.mp3","C:\Users\lac\OneDrive - IMS Messsysteme GmbH\Dokumente\NoteCable Spotify Music Converter\Joschijas Hitster Gang\02 Der Hölle Rache - Die Zauberflöte.mp3","C:\Code\JKH\ClassicHitster.App\Resources\Raw\classic_197.mp3"
"ExpectedMissing","classic_015.mp3","","","C:\Code\JKH\ClassicHitster.App\Resources\Raw\classic_015.mp3"
"ExpectedMissing","classic_029.mp3","","","C:\Code\JKH\ClassicHitster.App\Resources\Raw\classic_029.mp3"
"ExpectedMissing","classic_034.mp3","","","C:\Code\JKH\ClassicHitster.App\Resources\Raw\classic_034.mp3"
"ExpectedMissing","classic_066.mp3","","","C:\Code\JKH\ClassicHitster.App\Resources\Raw\classic_066.mp3"
"ExpectedMissing","classic_070.mp3","","","C:\Code\JKH\ClassicHitster.App\Resources\Raw\classic_070.mp3"
"ExpectedMissing","classic_100.mp3","","","C:\Code\JKH\ClassicHitster.App\Resources\Raw\classic_100.mp3"
"ExpectedMissing","classic_123.mp3","","","C:\Code\JKH\ClassicHitster.App\Resources\Raw\classic_123.mp3"
"ExpectedMissing","classic_181.mp3","","","C:\Code\JKH\ClassicHitster.App\Resources\Raw\classic_181.mp3"
